sa2_code21,sa2_name21,east_west
101021007,Braidwood,West
101021008,Karabar,West
101021610,Googong,West
101021611,Queanbeyan Surrounds,West
101031013,Bombala,West
101031014,Cooma,West
101031015,Cooma Surrounds,West
101031016,Jindabyne - Berridale,West
101041017,Batemans Bay,West
101041018,Batemans Bay - South,West
101041019,Bega - Tathra,West
101041020,Bega-Eden Hinterland,West
101041021,Broulee - Tomakin,West
101041022,Deua - Wadbilliga,West
101041023,Eden,West
101041024,Eurobodalla Hinterland,West
101041025,Merimbula - Tura Beach,West
101041026,Moruya - Tuross Head,West
101041027,Narooma - Bermagui,West
216031416,Shepparton - North,West
101021009,Queanbeyan,West
101021010,Queanbeyan - East,West
105011096,Walgett - Lightning Ridge,West
105021097,Broken Hill,West
105021098,Far West,West
105031099,Coonabarabran,West
101021012,Queanbeyan West - Jerrabomberra,West
105031100,Dubbo - East,West
216031418,Shepparton Surrounds - East,West
216031419,Shepparton Surrounds - West,West
216031593,Kialla,West
101051539,Goulburn,West
101051540,Goulburn Surrounds,West
101061541,Yass,West
101061542,Yass Surrounds,West
101061543,Young,West
101061544,Young Surrounds,West
102011028,Avoca Beach - Copacabana,East
102011029,Box Head - MacMasters Beach,East
102011030,Calga - Kulnura,East
102011031,Erina - Green Point,East
102011032,Gosford - Springfield,East
106011110,Dungog,East
106011111,Kurri Kurri - Abermain,East
106011112,Singleton,East
106011113,Singleton Surrounds,East
106021114,Maitland,East
106021116,Maitland - North,East
216031594,Shepparton - South East,West
217011420,Glenelg (Vic.),West
217011421,Hamilton (Vic.),West
217011422,Portland,West
217011423,Southern Grampians,West
102011033,Kariong,East
102011034,Kincumber - Picketts Valley,East
102011035,Narara,East
106031125,Williamtown - Medowie - Karuah,East
106041126,Muswellbrook,West
106041127,Muswellbrook Surrounds,East
106041128,Scone,West
106041129,Scone Surrounds,East
107011131,Dapto - Avondale,West
107011132,Horsley - Kembla Grange,West
107011133,Port Kembla Industrial,West
107011134,Unanderra - Mount Kembla,West
107011545,Berkeley - Lake Heights - Cringila,West
107011546,Port Kembla - Warrawong,West
117021636,Marrickville - North,East
102011036,Niagara Park - Lisarow,East
102011037,Point Clare - Koolewong,East
102011038,Saratoga - Davistown,East
102011039,Terrigal - North Avoca,East
102011040,Umina - Booker Bay - Patonga,East
102011041,Wamberal - Forresters Beach,East
102011042,Woy Woy - Blackwall,East
102011043,Wyoming,East
102021044,Bateau Bay - Killarney Vale,East
102021045,Blue Haven - San Remo,East
102021046,Budgewoi - Buff Point - Halekulani,East
102021047,Chittaway Bay - Tumbi Umbi,East
102021048,Gorokan - Kanwal - Charmhaven,East
102021049,Jilliby - Yarramalong,East
102021050,Lake Munmorah - Mannering Park,East
102021051,Ourimbah - Fountaindale,East
102021052,Summerland Point - Gwandalan,East
102021053,The Entrance,East
102021054,Toukley - Norah Head,East
102021055,Tuggerah - Kangy Angy,East
109031182,Deniliquin,West
109031183,Deniliquin Surrounds,West
109031184,Moama,West
109031185,Tocumwal - Finley - Jerilderie,West
110011186,Armidale,East
110011187,Armidale Surrounds - North,East
110011188,Armidale Surrounds - South,East
110011189,Walcha,East
110021190,Glen Innes,East
110021191,Inverell,East
110021192,Inverell Surrounds - East,East
110021193,Inverell Surrounds - West,West
110021194,Tenterfield,East
206041505,Melbourne CBD - West,West
102021056,Warnervale - Wadalba,East
102021057,Wyong,East
103011059,Bathurst - East,West
103011060,Bathurst Surrounds,West
103011061,Oberon,West
103011612,Bathurst - South,West
103011613,Bathurst - West,West
103021062,Condobolin,West
103021063,Cowra,West
103021064,Cowra Surrounds,West
103021065,Forbes,West
103021066,Grenfell,West
103021067,Parkes (NSW),West
103021068,Parkes Surrounds,West
103021069,West Wyalong,West
103031070,Lithgow,West
103031071,Lithgow Surrounds,West
103031072,Mudgee,West
103031073,Mudgee Surrounds - East,West
103031074,Mudgee Surrounds - West,West
103031075,Wollangambe - Wollemi,West
103041076,Blayney,West
103041077,Orange,West
103041078,Orange - North,West
103041079,Orange Surrounds,West
104011080,Grafton,East
104011081,Grafton Surrounds,East
104011082,Maclean - Yamba - Iluka,East
104021083,Bellingen,East
104021084,Coffs Harbour - North,East
104021085,Coffs Harbour - South,East
104021086,Coramba - Nana Glen - Bucca,East
104021087,Dorrigo,East
104021088,Korora - Emerald Beach,East
104021089,Sawtell - Boambee,East
104021090,Urunga,East
104021091,Woolgoolga - Arrawarra,East
105011092,Bourke - Brewarrina,West
105011093,Cobar,West
105011094,Coonamble,West
105011095,Nyngan - Warren,West
105031101,Dubbo - South,West
105031102,Dubbo - West,West
105031103,Dubbo Surrounds,West
105031104,Gilgandra,West
105031105,Narromine,West
105031106,Wellington,West
106011107,Branxton - Greta - Pokolbin,East
106011108,Cessnock,East
106011109,Cessnock Surrounds,East
106021614,East Maitland - Metford,East
106021615,Rutherford (North) - Aberglasslyn,East
106021616,Rutherford (South) - Telarah,East
106021617,Tenambit - East Maitland,East
106021618,Thornton - Millers Forest,East
106031119,Anna Bay,East
106031120,Lemon Tree Passage - Tanilba Bay,East
106031121,Nelson Bay Peninsula,East
106031122,Raymond Terrace,East
106031123,Seaham - Woodville,East
106031124,Tea Gardens - Hawks Nest,East
107011547,Windang - Primbee,West
107021135,Illawarra Catchment Reserve,West
107031136,Albion Park - Macquarie Pass,West
107031137,Albion Park Rail,West
206041509,Southbank - East,West
107031138,Kiama,West
107031139,Kiama Downs - Minnamurra,West
107031140,Kiama Hinterland - Gerringong,West
107031141,Shellharbour - Flinders,West
107031142,Shellharbour - Oak Flats,West
107031143,Warilla,West
107041144,Balgownie - Fairy Meadow,West
107041145,Corrimal - Tarrawanna - Bellambi,West
206041510,West Melbourne - Residential,West
107041146,Figtree - Keiraville,West
107041147,Helensburgh,West
107041148,Thirroul - Austinmer - Coalcliff,West
107041150,Woonona - Bulli - Russell Vale,West
107041548,Wollongong - East,West
107041549,Wollongong - West,West
108011151,Bulahdelah - Stroud,East
108011152,Forster,East
108011153,Forster-Tuncurry Surrounds,East
108011154,Tuncurry,East
108021155,Kempsey,East
108021156,Kempsey Surrounds,East
108021157,Macksville - Scotts Head,East
108021158,Nambucca Heads,East
108021159,Nambucca Heads Surrounds,East
108021160,South West Rocks,East
108031161,Lord Howe Island,East
108041162,Laurieton - Bonny Hills,East
108041164,Port Macquarie - West,East
108041165,Port Macquarie Surrounds,East
108041166,Wauchope,East
108041619,Port Macquarie - East,East
108041620,Port Macquarie - South,East
108051167,Gloucester,East
108051168,Old Bar - Manning Point - Red Head,East
108051169,Taree,East
108051170,Taree Surrounds,East
108051171,Wingham,East
109011172,Albury - East,West
109011173,Albury - North,West
109011174,Albury - South,West
109011175,Albury Surrounds,West
109011176,Lavington,West
109021177,Hay,West
109021178,Wentworth - Buronga,West
109021179,Wentworth-Balranald Region,West
109031180,Corowa,West
109031181,Corowa Surrounds,West
110031195,Moree,West
110031196,Moree Surrounds,West
110031197,Narrabri,West
110031198,Narrabri Surrounds,West
208021180,Hughesdale,West
110041199,Gunnedah,West
110041200,Gunnedah Surrounds,West
110041201,Quirindi,West
110041202,Tamworth - East,West
110041203,Tamworth - North,West
110041204,Tamworth - West,West
110041205,Tamworth Surrounds,East
111011206,Belmont - Bennetts Green,East
111011207,Belmont South - Blacksmiths,East
111011208,Charlestown - Dudley,East
117031639,Chippendale,East
111011209,Glendale - Cardiff - Hillsborough,East
111011210,Mount Hutton - Windale,East
111011211,Redhead,East
111011212,Swansea - Caves Beach,East
111011213,Valentine - Eleebana,East
111011214,Warners Bay - Boolaroo,East
111021215,Bolton Point - Teralba,East
111021216,Bonnells Bay - Silverwater,East
111031234,Waratah - North Lambton,East
111021217,Edgeworth - Cameron Park,East
111021218,Morisset - Cooranbong,East
111021219,Toronto - Awaba,East
111021220,Wangi Wangi - Rathmines,East
111021221,West Wallsend - Barnsley - Killingworth,East
111031222,Adamstown - Kotara,East
111031223,Beresfield - Hexham,East
117031336,Surry Hills,East
111031224,Hamilton - Broadmeadow,East
113011256,Griffith (NSW),West
113011257,Griffith Surrounds,West
113011258,Leeton,West
113011259,Narrandera,West
113021260,Tumbarumba,West
113021261,Tumut,West
113021262,Tumut Surrounds,West
113031263,Cootamundra,West
113031264,Gundagai,West
113031265,Junee,West
113031266,Temora,West
113031267,Wagga Wagga - East,West
113031268,Wagga Wagga - North,West
111031225,Lambton - New Lambton,East
111031226,Maryland - Fletcher - Minmi,East
212031306,Lynbrook - Lyndhurst,West
111031227,Mayfield - Warabrook,East
111031228,Merewether - The Junction,East
111031229,Newcastle - Cooks Hill,East
111031230,Newcastle Port - Kooragang,East
111031231,Shortland - Jesmond,East
111031232,Stockton - Fullerton Cove,East
115011557,Castle Hill - West,West
212031308,Pearcedale - Tooradin,West
111031233,Wallsend - Elermore Vale,East
212031558,Cranbourne East - South,West
111031235,Wickham - Carrington - Tighes Hill,East
112011236,Ballina,East
112011237,Ballina Surrounds,East
112011238,Bangalow,East
112011239,Brunswick Heads - Ocean Shores,East
112011240,Byron Bay,East
112011241,Evans Head,East
112011242,Lennox Head - Skennars Head,East
112011243,Mullumbimby,East
112021244,Casino,East
112021245,Casino Surrounds,East
112021246,Goonellabah,East
112021247,Kyogle,East
112021248,Lismore,East
112021249,Lismore Surrounds,East
112031250,Kingscliff - Fingal Head,East
112031251,Murwillumbah,East
112031252,Murwillumbah Surrounds,East
112031253,Pottsville,East
112031254,Tweed Heads,East
112031550,Banora Point,East
112031551,Terranora - North Tumbulgum,East
112031552,Tweed Heads South,East
113031269,Wagga Wagga - South,West
113031270,Wagga Wagga - West,West
113031271,Wagga Wagga Surrounds,West
114011272,Berry - Kangaroo Valley,West
114011273,Callala Bay - Currarong,West
114011274,Culburra Beach,West
114011275,Ettrema - Sassafras - Budawang,West
114011276,Huskisson - Vincentia,West
114011277,North Nowra - Bomaderry,West
114011278,Nowra,West
114011279,St Georges Basin - Erowal Bay,West
114011280,Sussex Inlet - Berrara,West
114011281,Tomerong - Wandandian - Woollamia,West
114011282,Ulladulla,West
114011283,Ulladulla Surrounds,West
114021284,Bowral,West
114021285,Hill Top - Colo Vale,West
114021286,Mittagong,West
114021287,Moss Vale - Berrima,West
114021288,Robertson - Fitzroy Falls,West
114021289,Southern Highlands,West
117031643,Rosebery - Beaconsfield,East
117031644,Sydney (North) - Millers Point,East
115011290,Baulkham Hills - East,West
115011291,Baulkham Hills (West) - Bella Vista,West
115011294,Glenhaven,West
115011296,West Pennant Hills,West
115011553,Castle Hill - Central,West
115011554,Castle Hill - East,West
115011555,Castle Hill - North,West
115011556,Castle Hill - South,West
117031646,Ultimo,East
115011558,Cherrybrook,West
115011621,Kellyville - East,West
115011622,Kellyville - West,West
115021297,Dural - Kenthurst - Wisemans Ferry,West
115021298,Galston - Laughtondale,East
115031299,Bilpin - Colo - St Albans,West
115031300,Kurrajong Heights - Ebenezer,West
115041301,Pitt Town - McGraths Hill,West
115041623,Box Hill - Nelson,West
115041624,North Kellyville,West
116011627,Toongabbie - West,West
115041625,Rouse Hill - Beaumont Hills,West
116011303,Blacktown (East) - Kings Park,West
116011304,Blacktown (North) - Marayong,West
116011306,Doonside - Woodcroft,West
116011307,Lalor Park - Kings Langley,West
116011560,Blacktown - South,West
116011561,Blacktown - West,West
116011626,Seven Hills - Prospect,West
117031647,Waterloo,East
116021309,Glenwood,West
116021562,Acacia Gardens,West
116021628,Kellyville Ridge - The Ponds,West
116021629,Marsden Park - Shanes Park,West
116021630,Riverstone,West
116021563,Quakers Hill,West
117031648,Zetland,East
118011339,Bondi - Tamarama - Bronte,East
118011340,Bondi Beach - North Bondi,East
116021631,Schofields (West) - Colebee,West
117031645,Sydney (South) - Haymarket,East
116021632,Schofields - East,West
116021633,Stanhope Gardens - Parklea,West
116031313,Bidwill - Hebersham - Emerton,West
116031314,Glendenning - Dean Park,West
116031315,Hassall Grove - Plumpton,West
116031316,Lethbridge Park - Tregear,West
116031317,Mount Druitt - Whalan,West
116031318,Prospect Reservoir,West
116031319,Rooty Hill - Minchinbury,West
117011320,Banksmeadow,East
117011323,Pagewood - Hillsdale - Daceyville,East
117011321,Botany,East
117011634,Eastlakes,East
117011324,Port Botany Industrial,East
117011635,Mascot,East
117011325,Sydney Airport,East
117021327,Petersham - Stanmore,East
117021328,Sydenham - Tempe - St Peters,East
117021637,Marrickville - South,East
117031329,Darlinghurst,East
212031559,Cranbourne North - East,West
117031330,Erskineville - Alexandria,East
117031640,Newtown (NSW),East
117031331,Glebe - Forest Lodge,East
117031638,Camperdown - Darlington,East
117031333,Potts Point - Woolloomooloo,East
117031641,Pyrmont,East
117031642,Redfern,East
118011341,Bondi Junction - Waverly,East
118011342,Centennial Park,East
118011344,Dover Heights,East
118011345,Paddington - Moore Park,East
118011346,Rose Bay - Vaucluse - Watsons Bay,East
118021568,Maroubra - West,East
118011347,Woollahra,East
118011649,Bellevue Hill,East
118021569,Randwick - North,East
118011650,Double Bay - Darling Point,East
118021564,Kensington (NSW),East
118021565,Kingsford,East
213041360,Taylors Hill,West
118021566,Maroubra - North,East
118021567,Maroubra - South,East
213041461,Burnside,West
118021570,Randwick - South,East
118021651,Coogee - Clovelly,East
118021652,Malabar - La Perouse,East
118021653,Matraville - Chifley,East
118021654,South Coogee,East
119011354,Bass Hill - Georges Hall,West
119011355,Chullora,West
119011356,Condell Park,West
119011358,Padstow,West
119011360,Revesby,West
119011361,Yagoona - Birrong,West
119011656,Greenacre - South,West
119011571,Bankstown - North,West
119021574,Wiley Park,West
119011572,Bankstown - South,West
119011655,Greenacre - North,West
119011657,Panania (North) - Milperra,West
119011658,Panania (South) - Picnic Point,West
119021362,Belmore - Belfield,West
119031370,Narwee - Beverly Hills,West
119031371,Oatley - Hurstville Grove,West
119031372,Peakhurst - Lugarno,West
119021366,Punchbowl,West
207031166,Burwood East,West
119021367,Roselands,West
119021573,Lakemba,West
119021659,Campsie - North,West
119021660,Campsie - South,West
213041575,Hillside,West
213041576,Kurunjang - Toolern Vale,West
119021661,Canterbury - South,West
119021662,Earlwood,East
119021663,Kingsgrove - North,West
119031373,Riverwood,West
119031374,South Hurstville - Blakehurst,West
119031664,Hurstville - Central,West
213041577,Melton,West
213041578,Melton South - Weir Views,West
119031665,Hurstville - North,West
119031667,Penshurst,West
119041377,Kingsgrove (South) - Bardwell Park,West
123011700,Harrington Park,West
119031666,Mortdale - Oatley,West
123031446,Douglas Park - Appin,West
123031447,Picton - Tahmoor - Buxton,West
123031448,The Oaks - Oakdale,West
124011449,Blackheath - Megalong Valley,West
124011450,Blaxland - Warrimoo - Lapstone,West
119041378,Kogarah,West
119041669,Bexley - North,West
124011451,Blue Mountains - North,West
119041379,Kogarah Bay - Carlton - Allawah,West
124011452,Katoomba - Leura,West
124011453,Lawson - Hazelbrook - Linden,West
124011454,Springwood - Winmalee,West
119041380,Monterey - Brighton-le-Sands - Kyeemagh,East
124041468,Yarramundi - Londonderry,West
124051469,Erskine Park,West
119041381,Rockdale - Banksia,East
119041382,Sans Souci - Ramsgate,West
125011475,Rookwood Cemetery,West
119041668,Arncliffe - Bardwell Valley,East
119041670,Bexley - South,West
119041671,Wolli Creek,East
120011383,Concord - Mortlake - Cabarita,West
120011385,Drummoyne - Rodd Point,East
120011386,Five Dock - Abbotsford,West
120011672,Concord West - North Strathfield,West
306021151,Manoora,West
120011673,Rhodes,West
120021387,Balmain,East
120021674,Annandale (NSW),East
120021389,Lilyfield - Rozelle,East
120021675,Leichhardt,East
120031394,Dulwich Hill - Lewisham,West
120031392,Canterbury (North) - Ashbury,West
402031176,Valley View - Gilles Plains,West
120031393,Croydon Park - Enfield,West
127011727,Gledswood Hills - Gregory Hills,West
127011728,Leppington - Catherine Field,West
127011729,Oran Park,West
120031395,Haberfield - Summer Hill,West
120031677,Ashfield - South,West
120031396,Homebush,West
120031678,Burwood (NSW),West
120031576,Strathfield South,West
120031676,Ashfield - North,West
120031679,Croydon,West
120031680,Strathfield - East,West
120031681,Strathfield - West,West
121011682,Artarmon,East
121011683,Castle Cove - Northbridge,East
121011399,Chatswood (West) - Lane Cove North,East
121011401,St Leonards - Naremburn,East
121011684,Chatswood - East,East
121011685,Greenwich - Riverview,East
121011686,Lane Cove,East
121021579,Wahroonga (West) - Waitara,West
121031407,Gordon - Killara,East
121031408,Lindfield - Roseville,East
121031409,Pymble,East
121031410,St Ives,East
121031411,Turramurra,East
121031412,Wahroonga (East) - Warrawee,West
121041413,Cremorne - Cammeray,East
121041414,Crows Nest - Waverton,East
121041416,Neutral Bay - Kirribilli,East
121011687,Willoughby,East
121021403,Asquith - Mount Colah,East
121021404,Berowra - Brooklyn - Cowan,East
121021406,Normanhurst - Thornleigh - Westleigh,West
121021577,Hornsby - East,West
123011698,Currans Hill,West
121021578,Hornsby - West,West
121041417,North Sydney - Lavender Bay,East
121041688,Mosman - North,East
121041689,Mosman - South,East
122011418,Balgowlah - Clontarf - Seaforth,East
122011419,Manly - Fairlight,East
122021420,Avalon - Palm Beach,East
122021421,Bayview - Elanora Heights,East
122021422,Newport - Bilgola,East
122021690,Mona Vale - Warriewood (North),East
122021691,North Narrabeen - Warriewood (South),East
122031424,Beacon Hill - Narraweena,East
122031425,Cromer,East
122031427,Forestville - Killarney Heights,East
122031429,Freshwater - Brookvale,East
122031430,Manly Vale - Allambie Heights,East
122031432,Terrey Hills - Duffys Forest,East
122031692,Belrose,East
122031693,Collaroy - Collaroy Plateau,East
122031694,Dee Why (South) - North Curl Curl,East
122031695,Dee Why - North,East
122031696,Frenchs Forest - Oxford Falls,East
122031697,Narrabeen - Wheeler Heights,East
123011433,Camden - Ellis Lane,West
123011699,Elderslie - Narellan,West
207031167,Surrey Hills (East) - Mont Albert,West
123011701,Mount Annan,West
123011702,Spring Farm,West
123021436,Bradbury - Wedderburn,West
123021437,Campbelltown - Woodbine,West
123021438,Claymore - Eagle Vale - Raby,West
123021439,Holsworthy Military Area,West
123021441,Leumeah - Minto Heights,West
208021181,Murrumbeena,West
123021443,Minto - St Andrews,West
123021444,Rosemeadow - Glen Alpine,West
123021703,Denham Court - Bardia,West
206011495,Brunswick - North,West
123021704,Glenfield,West
123021705,Ingleburn,West
123021706,Macquarie Fields,West
123031445,Bargo,West
124011455,Wentworth Falls,West
124021456,Blue Mountains - South,West
124031457,Cambridge Park,West
124031459,Emu Plains - Leonay,West
124031460,Glenmore Park - Regentville,West
124031461,Jamisontown - South Penrith,West
124031462,Kingswood - Werrington,West
124031463,Mulgoa - Luddenham - Orchard Hills,West
124031464,Penrith,West
124031465,Warragamba - Silverdale,West
124031707,Cranebrook - Castlereagh,West
124031708,Jordan Springs - Llandilo,West
124041466,Richmond - Clarendon,West
124041467,Windsor - Bligh Park,West
124051470,St Clair,West
125011583,Auburn - North,West
124051580,Colyton - Oxley Park,West
124051581,St Marys - North St Marys,West
801041122,Throsby,West
125011582,Auburn - Central,West
801051049,Acton,West
125011584,Auburn - South,West
125011585,Berala,West
206011496,Brunswick - South,West
125011586,Lidcombe,West
125011587,Regents Park,West
125011709,Silverwater - Newington,West
125011710,Wentworth Point - Sydney Olympic Park,West
206041117,Carlton,West
125021477,Ermington - Rydalmere,West
125021478,Oatlands - Dundas Valley,West
125021711,Carlingford - East,West
206041118,Docklands,West
125021712,Carlingford - West,West
206041119,East Melbourne,West
125031479,Chester Hill - Sefton,West
125031480,Fairfield - East,West
125031481,Granville - Clyde,West
125031484,Guildford West - Merrylands West,West
125031486,Smithfield Industrial,West
125031487,Yennora Industrial,West
125031483,Guildford - South Granville,West
125031713,Greystanes - South,West
127021520,St Johns Park - Wakeley,West
127021521,Wetherill Park Industrial,West
125031714,Merrylands - Holroyd,West
125031715,Pemulwuy - Greystanes (North),West
125031716,South Wentworthville,West
125041489,North Parramatta,West
125041490,North Rocks,West
125041491,Northmead,West
125041493,Toongabbie - Constitution Hill,West
125041494,Winston Hills,West
125041588,Pendle Hill - Girraween,West
125041589,Wentworthville - Westmead,West
125041717,Parramatta - North,West
125041718,Parramatta - South,West
125041719,Rosehill - Harris Park,West
126011496,Pennant Hills - Cheltenham,West
126011720,Epping (East) - North Epping,West
126011721,Epping (NSW) - West,West
126021498,Gladesville - Huntleys Point,West
126021499,Hunters Hill - Woolwich,East
126021500,Macquarie Park - Marsfield,West
126021501,North Ryde - East Ryde,East
126021503,West Ryde - Meadowbank,West
127031730,Edmondson Park,West
126021590,Putney,West
126021722,Denistone,West
126021723,Eastwood,West
127011593,Cecil Hills,West
126021724,Ryde - North,West
126021725,Ryde - South,West
127011504,Ashcroft - Busby - Miller,West
127011505,Austral - Greendale,West
127011592,Badgerys Creek,West
127011594,Green Valley,West
127011595,Hinchinbrook,West
127011596,Hoxton Park - Carnes Hill - Horningsea Park,West
127011597,West Hoxton - Middleton Grange,West
127011726,Cobbitty - Bringelly,West
206041120,Flemington Racecourse,West
127021509,Bonnyrigg Heights - Bonnyrigg,West
127021510,Bossley Park - Abbotsbury,West
127021511,Cabramatta - Lansvale,West
127031731,Liverpool - East,West
127031732,Liverpool - West,West
127031733,Prestons,West
128011529,Gymea - Grays Point,West
128011530,Miranda - Yowie Bay,West
128011531,Sylvania - Taren Point,West
127021512,Cabramatta West - Mount Pritchard,West
127021513,Canley Vale - Canley Heights,West
127021514,Edensor Park,West
127021515,Fairfield,West
201011001,Alfredton,West
127021516,Fairfield - West,West
127021517,Greenfield Park - Prairiewood,West
127021518,Horsley Park - Kemps Creek,West
127021519,Smithfield - Wetherill Park,West
206051130,Port Melbourne,West
127031522,Casula,West
127031523,Chipping Norton - Moorebank,West
127031524,Holsworthy - Wattle Grove,West
127031599,Lurnea - Cartwright,West
127031601,Warwick Farm,West
128011602,Caringbah,West
128011603,Caringbah South,West
128011604,Cronulla - Kurnell - Bundeena,East
128011605,Lilli Pilli - Port Hacking - Dolans Bay,West
128011606,Woolooware - Burraneer,West
128021533,Heathcote - Waterfall,West
128021534,Illawong - Alfords Point,West
128021535,Menai - Lucas Heights - Woronora,West
128021536,Oyster Bay - Como - Jannali,West
128021537,Royal National Park,East
128021538,Sutherland - Kirrawee,West
128021607,Engadine,West
201011008,Wendouree - Miners Rest,West
128021608,Loftus - Yarrawarrah,West
128021609,Woronora Heights,West
201011002,Ballarat,West
201011005,Buninyong,West
201011006,Delacombe,West
206061516,South Yarra - South,West
201011007,Smythes Creek,West
201011481,Ballarat East - Warrenheip,West
202011021,Flora Hill - Spring Gully,West
202011022,Kangaroo Flat - Golden Square,West
202011023,Maiden Gully,West
202011024,Strathfieldsaye,West
201011482,Ballarat North - Invermay,West
201011483,Canadian - Mount Clear,West
202011025,White Hills - Ascot,West
202021026,Bendigo Surrounds - South,West
201011484,Sebastopol - Redan,West
201021009,Bacchus Marsh Surrounds,West
201021010,Creswick - Clunes,West
201021011,Daylesford,West
201021012,Gordon (Vic.),West
201031013,Avoca,West
201031014,Beaufort,West
201031015,Golden Plains - North,West
206071141,Collingwood,West
201031016,Maryborough (Vic.),West
201031017,Maryborough Surrounds,West
206041124,Parkville,West
202011018,Bendigo,West
206071142,Fitzroy,West
202011019,California Gully - Eaglehawk,West
203021487,Grovedale - Mount Duneed,West
202011020,East Bendigo - Kennington,West
204021066,Wangaratta,West
204021067,Wangaratta Surrounds,West
208031184,Braeside,West
202021027,Castlemaine,West
202021028,Castlemaine Surrounds,West
202021029,Heathcote,West
202021030,Kyneton,West
202021031,Woodend,West
202031032,Bendigo Surrounds - North,West
202031033,Loddon,West
203011034,Bannockburn,West
203011035,Golden Plains - South,West
203011036,Winchelsea,West
205021084,Lakes Entrance,West
205021085,Orbost,West
205021086,Paynesville,West
205031087,Foster,West
205031088,French Island,West
205031089,Korumburra,West
205031090,Leongatha,West
205031091,Phillip Island,West
205031092,Wilsons Promontory,West
205031093,Wonthaggi - Inverloch,West
205041094,Churchill,West
205041095,Moe - Newborough,West
205041096,Morwell,West
205041098,Yallourn North - Glengarry,West
205041493,Traralgon - East,West
205041494,Traralgon - West,West
205051099,Alps - West,West
205051100,Longford - Loch Sport,West
205051101,Maffra,West
205051102,Rosedale,West
205051103,Sale,West
205051104,Yarram,West
203021037,Belmont,West
208031187,Chelsea Heights,West
203021039,Geelong,West
203021040,Geelong West - Hamlyn Heights,West
203021042,Highton,West
203021043,Lara,West
206041125,South Yarra - West,West
203021044,Leopold,West
203021045,Newcomb - Moolap,West
203021046,Newtown (Vic.),West
203021047,North Geelong - Bell Park,West
206011106,Brunswick East,West
203021485,Charlemont,West
203021486,Corio - Lovely Banks,West
203021488,Norlane,West
206011109,Pascoe Vale South,West
203031048,Clifton Springs,West
203031049,Lorne - Anglesea,West
203031051,Portarlington,West
203031052,Point Lonsdale - Queenscliff,West
203031053,Torquay,West
203031489,Barwon Heads - Armstrong Creek,West
203031490,Ocean Grove,West
204011054,Alexandra,West
204011055,Euroa,West
204011056,Kilmore - Broadford,West
204011057,Mansfield (Vic.),West
204011058,Nagambie,West
204011059,Seymour,West
204011060,Seymour Surrounds,West
204011061,Upper Yarra Valley,West
204011062,Yea,West
204021063,Benalla,West
204021064,Benalla Surrounds,West
204021065,Rutherglen,West
204031068,Beechworth,West
204031069,Bright - Mount Beauty,West
204031070,Chiltern - Indigo Valley,West
204031071,Myrtleford,West
204031072,Towong,West
204031073,West Wodonga,West
204031075,Yackandandah,West
204031491,Baranduda - Leneva,West
204031492,Wodonga,West
205011076,Drouin,West
205011077,Mount Baw Baw Region,West
205011078,Trafalgar (Vic.),West
205011079,Warragul,West
205021080,Alps - East,West
205021081,Bairnsdale,West
205021082,Bruthen - Omeo,West
205021083,Lake King,West
206011107,Brunswick West,West
206011497,Coburg - East,West
206011498,Coburg - West,West
206041127,West Melbourne - Industrial,West
206021110,Alphington - Fairfield,West
206041503,Melbourne CBD - East,West
206041504,Melbourne CBD - North,West
206021112,Thornbury,West
206021499,Northcote - East,West
206021500,Northcote - West,West
206041121,Kensington (Vic.),West
206031113,Ascot Vale,West
206031115,Flemington,West
206031116,Moonee Ponds,West
206031501,Essendon (West) - Aberfeldie,West
206031502,Essendon - East,West
206041506,North Melbourne,West
206041507,Royal Botanic Gardens Victoria,West
206041508,Southbank (West) - South Wharf,West
206051128,Albert Park,West
206051129,Elwood,West
206051134,St Kilda East,West
206051511,Port Melbourne Industrial,West
206051512,South Melbourne,West
206051513,St Kilda - Central,West
206071143,Fitzroy North,West
206071145,Clifton Hill - Alphington,West
206071517,Richmond (South) - Cremorne,West
206051514,St Kilda - West,West
206061135,Armadale,West
206061136,Prahran - Windsor,West
206061138,Toorak,West
206061515,South Yarra - North,West
206071139,Abbotsford,West
206071140,Carlton North - Princes Hill,West
206071518,Richmond - North,West
207011146,Ashburton (Vic.),West
207011147,Balwyn,West
207011149,Camberwell,West
207011148,Balwyn North,West
207011522,Kew - West,West
207021156,Bulleen,West
207021157,Doncaster,West
207021159,Templestowe,West
207011150,Glen Iris - East,West
207011152,Hawthorn East,West
207011154,Kew East,West
403041089,Woodcroft,West
207011155,Surrey Hills (West) - Canterbury,West
207011519,Hawthorn - North,West
207011520,Hawthorn - South,West
207011521,Kew - South,West
207021160,Templestowe Lower,West
207031162,Blackburn South,West
210031538,Pascoe Vale,West
210041240,Sunbury,West
210041539,Diggers Rest,West
207021424,Doncaster East - North,West
207021425,Doncaster East - South,West
207031161,Blackburn,West
207031163,Box Hill,West
207031165,Burwood (Vic.),West
207031164,Box Hill North,West
208011168,Beaumaris,West
208011170,Brighton East,West
208011169,Brighton (Vic.),West
208011171,Highett (West) - Cheltenham,West
208011172,Hampton,West
208021174,Bentleigh - McKinnon,West
208021176,Carnegie,West
208011173,Sandringham - Black Rock,West
208021177,Caulfield - North,West
208021178,Caulfield - South,West
208021179,Elsternwick,West
208021182,Ormond - Glen Huntly,West
208021426,Bentleigh East - North,West
208021427,Bentleigh East - South,West
208031183,Aspendale Gardens - Waterways,West
208031185,Carrum - Patterson Lakes,West
208031186,Chelsea - Bonbeach,West
208031188,Highett (East) - Cheltenham,West
208031190,Mentone,West
208031189,Edithvale - Aspendale,West
209011196,Bundoora - East,West
209011197,Greensborough,West
208031191,Moorabbin - Heatherton,West
208031192,Moorabbin Airport,West
209011204,Watsonia,West
209021205,Kingsbury,West
208031193,Mordialloc - Parkdale,West
209021429,Preston - West,West
209021523,Reservoir - North East,West
209021524,Reservoir - North West,West
208041194,Malvern - Glen Iris,West
210051250,Tullamarine,West
208041195,Malvern East,West
212031560,Cranbourne North - West,West
209011198,Heidelberg - Rosanna,West
209021526,Reservoir - South West,West
209011199,Heidelberg West,West
209011200,Ivanhoe,West
209031209,Eltham,West
209031210,Hurstbridge,West
209031211,Kinglake,West
209031212,Panton Hill - St Andrews,West
209031213,Plenty - Yarrambat,West
209031214,Research - North Warrandyte,West
209011201,Ivanhoe East - Eaglemont,West
209011202,Montmorency - Briar Hill,West
209011203,Viewbank - Yallambie,West
212031561,Hampton Park - East,West
209021428,Preston - East,West
212031562,Hampton Park - West,West
209021525,Reservoir - South East,West
209031215,Wattle Glen - Diamond Creek,West
209041217,Bundoora - West,West
209041216,Bundoora - North,West
209041431,Epping - East,West
209041432,Epping - South,West
209041220,Mill Park - North,West
209041221,Mill Park - South,West
209041433,Epping (Vic.) - West,West
209041435,South Morang - North,West
209041223,Thomastown,West
209041224,Wallan,West
209041225,Whittlesea,West
209041436,South Morang - South,West
209041437,Wollert,West
209041527,Doreen - North,West
209041528,Doreen - South,West
209041529,Lalor - East,West
209041530,Lalor - West,West
209041531,Mernda - North,West
209041532,Mernda - South,West
210011226,Airport West,West
210011227,Essendon Airport,West
210011228,Keilor,West
210011230,Niddrie - Essendon West,West
210011231,Strathmore,West
210011533,Avondale Heights,West
210011534,Keilor East,West
210021232,Gisborne,West
210031535,Glenroy - East,West
210021233,Macedon,West
210021234,Riddells Creek,West
210021235,Romsey,West
511031281,Kalgoorlie Airport,West
210031236,Coburg North,West
210031237,Fawkner,West
210031439,Gowanbrae,West
210031440,Hadfield,West
511031282,Kambalda - Coolgardie - Norseman,West
511031283,Leinster - Leonora,West
210031536,Glenroy - West,West
210031537,Oak Park,West
210041540,Sunbury - South,West
210051545,Roxburgh Park - North,West
211011251,Bayswater,West
210041541,Sunbury - West,West
211011254,Knoxfield - Scoresby,West
211031452,Croydon South,West
210051242,Broadmeadows,West
210051542,Craigieburn - North West,West
210051243,Campbellfield - Coolaroo,West
210051245,Gladstone Park - Westmeadows,West
210051246,Greenvale - Bulla,West
210051247,Meadow Heights,West
210051248,Melbourne Airport,West
210051441,Craigieburn - Central,West
210051442,Craigieburn - North,West
210051543,Craigieburn - West,West
210051443,Craigieburn - South,West
210051445,Mickleham - Yuroke,West
210051544,Roxburgh Park (South) - Somerton,West
303021057,Holland Park West,East
211011255,Lysterfield,West
211011257,Rowville - North,West
211011258,Rowville - South,West
211011259,Wantirna,West
211011260,Wantirna South,West
211011256,Rowville - Central,West
211011446,Boronia,West
211011447,Ferntree Gully - North,West
211031265,Croydon Hills - Warranwood,West
211031266,Ringwood,West
211031267,Ringwood East,West
211011448,Ferntree Gully (South) - Upper Ferntree Gully,West
211031268,Ringwood North,West
303031061,Macgregor (Qld),East
211011449,The Basin,West
211021261,Donvale - Park Orchards,West
211021262,Warrandyte - Wonga Park,West
211031450,Croydon - East,West
211031451,Croydon - West,West
211031263,Bayswater North,West
211041269,Forest Hill,West
211041270,Mitcham (Vic.),West
211041272,Vermont,West
211041273,Vermont South,West
211051274,Belgrave - Selby,West
211041271,Nunawading,West
211051275,Chirnside Park,West
211051276,Healesville - Yarra Glen,West
211051277,Kilsyth,West
211051278,Lilydale - Coldstream,West
211051279,Monbulk - Silvan,West
211051280,Montrose,West
211051281,Mooroolbark,West
211051282,Mount Dandenong - Olinda,West
211051283,Mount Evelyn,West
211051284,Upwey - Tecoma,West
211051285,Wandin - Seville,West
211051286,Yarra Valley,West
212011289,Emerald - Cockatoo,West
212011546,Beaconsfield - Officer,West
212011547,Bunyip - Garfield,West
212011548,Koo Wee Rup,West
212011551,Pakenham - South East,West
212011549,Pakenham - North East,West
212011550,Pakenham - North West,West
212021454,Endeavour Hills - South,West
212011552,Pakenham - South West,West
212021293,Berwick - North,West
212021295,Doveton,West
212021297,Hallam,West
212021299,Narre Warren North,West
212031304,Cranbourne West,West
212021453,Endeavour Hills - North,West
212021455,Narre Warren - North East,West
212021456,Narre Warren - South West,West
212021553,Berwick - South East,West
212021554,Berwick - South West,West
212031300,Cranbourne,West
212031303,Cranbourne South,West
212031457,Narre Warren South - East,West
212031458,Narre Warren South - West,West
212041309,Clarinda - Oakleigh South,West
212031555,Clyde North - North,West
212051567,Clayton (North) - Notting Hill,West
212031556,Clyde North - South,West
212031557,Cranbourne East - North,West
212041310,Clayton South,West
212041312,Dandenong North,West
212041313,Dingley Village,West
212041316,Noble Park North,West
212041317,Springvale,West
212041318,Springvale South,West
212041459,Noble Park - East,West
212041460,Noble Park - West,West
212041563,Dandenong - North,West
213051362,Hoppers Crossing - South,West
212041564,Dandenong - South,West
212041565,Keysborough - North,West
212041566,Keysborough - South,West
212051319,Ashwood - Chadstone,West
212051321,Glen Waverley - East,West
212051568,Clayton - Central,West
212051322,Glen Waverley - West,West
212051323,Mount Waverley - North,West
213011328,Ardeer - Albion,West
212051324,Mount Waverley - South,West
212051325,Mulgrave,West
212051326,Oakleigh - Huntingdale,West
212051327,Wheelers Hill,West
213011329,Cairnlea,West
213011331,Delahey,West
213011332,Keilor Downs,West
213011333,Kings Park (Vic.),West
213011334,St Albans - North,West
213031352,Yarraville,West
213041353,Bacchus Marsh,West
213041358,Melton West,West
213041359,Rockbank - Mount Cottrell,West
213011335,St Albans - South,West
213011337,Sunshine North,West
213011336,Sunshine,West
213011339,Sydenham,West
213011340,Taylors Lakes,West
213011338,Sunshine West,West
213021342,Altona Meadows,West
213011569,Deer Park,West
213011570,Derrimut,West
213021343,Altona North,West
213021341,Altona,West
213021344,Newport,West
213021345,Seabrook,West
213021346,Williamstown,West
213031351,West Footscray - Tottenham,West
213031347,Braybrook,West
213031348,Footscray,West
213031349,Maribyrnong,West
213031350,Seddon - Kingsville,West
213041462,Burnside Heights,West
213041463,Caroline Springs,West
213041571,Brookfield,West
213041572,Cobblebank - Strathtulloh,West
213041573,Eynesbury - Exford,West
213041574,Fraser Rise - Plumpton,West
213051361,Hoppers Crossing - North,West
213051363,Laverton,West
213051368,Werribee - South,West
213051464,Point Cook - East,West
213051466,Point Cook - South,West
303041071,Tarragindi,East
213051467,Werribee - East,West
213051468,Werribee - West,West
213051579,Manor Lakes - Quandong,West
405041124,Kadina,West
213051580,Point Cook - North East,West
213051581,Point Cook - North West,West
213051582,Tarneit (West) - Mount Cottrell,West
214011372,Frankston North,West
405041125,Moonta,West
213051583,Tarneit - Central,West
406011132,Le Hunte - Elliston,West
406011133,Port Lincoln,West
406011134,West Coast (SA),West
213051584,Tarneit - North,West
213051585,Tarneit - South,West
302041042,Brighton (Qld),East
213051586,Truganina - North,West
213051587,Truganina - South East,West
213051588,Truganina - South West,West
213051589,Wyndham Vale - North,West
213051590,Wyndham Vale - South,West
214011370,Carrum Downs,West
214011371,Frankston,West
214011373,Frankston South,West
214011374,Langwarrin,West
214011375,Seaford (Vic.),West
214011376,Skye - Sandhurst,West
214021377,Dromana,West
214021378,Flinders,West
214021379,Hastings - Somers,West
214021381,Mount Eliza,West
214021382,Mount Martha,West
214021383,Point Nepean,West
302041046,Zillmere,East
214021384,Rosebud - McCrae,West
217031472,Colac,West
217031473,Colac Surrounds,West
217031474,Corangamite - North,West
217031475,Corangamite - South,West
217031476,Otway,West
217041477,Moyne - East,West
217041478,Moyne - West,West
217041479,Warrnambool - North,West
217041480,Warrnambool - South,West
214021385,Somerville,West
214021591,Mornington - East,West
214021592,Mornington - West,West
301011001,Alexandra Hills,East
301011002,Belmont - Gumdale,East
215011386,Ararat,West
215011387,Ararat Surrounds,West
216011409,Rochester,West
216011410,Rushworth,West
216021411,Cobram,West
216021412,Moira,West
216021413,Numurkah,West
216021414,Yarrawonga,West
215011388,Horsham,West
215011389,Horsham Surrounds,West
215011390,Nhill Region,West
215011391,St Arnaud,West
215011392,Stawell,West
215011393,West Wimmera,West
215011394,Yarriambiack,West
215021395,Irymple,West
215021396,Merbein,West
215021398,Mildura Surrounds,West
215021399,Red Cliffs,West
215021469,Mildura - North,West
215021470,Mildura - South,West
215031400,Buloke,West
215031401,Gannawarra,West
215031402,Kerang,West
215031403,Robinvale,West
215031404,Swan Hill,West
215031405,Swan Hill Surrounds,West
216011406,Echuca,West
216011407,Kyabram,West
216011408,Lockington - Gunbower,West
216031415,Mooroopna,West
217031471,Camperdown,West
301011003,Birkdale,East
301011004,Capalaba,East
301031016,Manly West,East
301011005,Thorneside,East
301011006,Wellington Point,East
301021007,Cleveland,East
301021008,Ormiston,East
301021009,Redland Bay,East
301021011,Sheldon - Mount Cotton,East
301021012,Thornlands,East
301021013,Victoria Point,East
301021550,North Stradbroke Island,East
301021551,Southern Moreton Bay Islands,East
301031014,Brisbane Port - Lytton,East
301031015,Manly - Lota,East
301031017,Murarrie,East
302011026,McDowall,East
301031018,Tingalpa,East
301031019,Wakerley,East
301031020,Wynnum,East
302021029,Chermside West,East
701011003,East Point,West
301031021,Wynnum West - Hemmant,East
302011022,Bald Hills,East
302021030,Geebung,East
302011023,Bridgeman Downs,East
302011024,Carseldine,East
302021034,Wavell Heights,East
302031035,Boondall,East
302011025,Everton Park,East
302021027,Aspley,East
302021028,Chermside,East
302021031,Kedron - Gordon Park,East
302031037,Eagle Farm - Pinkenba,East
701021013,Brinkin - Nakara,West
302021032,Stafford,East
302021033,Stafford Heights,East
302031036,Brisbane Airport,East
302031038,Northgate - Virginia,East
302031039,Nudgee - Banyo,East
302031040,Nundah,East
302041041,Bracken Ridge,East
302041043,Deagon,East
302041045,Taigum - Fitzgibbon,East
302041044,Sandgate - Shorncliffe,East
303011047,Camp Hill,East
303011048,Cannon Hill,East
303021055,Greenslopes,East
303011049,Carina,East
303011050,Carina Heights,East
303021056,Holland Park,East
303011051,Carindale,East
303021052,Annerley,East
303021053,Coorparoo,East
303021054,Fairfield - Dutton Park,East
303021058,Woolloongabba,East
303021059,Yeronga,East
303031060,Eight Mile Plains,East
303031062,Mansfield (Qld),East
303031063,Mount Gravatt,East
303031064,Rochedale - Burbank,East
303031065,Upper Mount Gravatt,East
303031066,Wishart,East
303041067,Coopers Plains,East
303041070,Salisbury - Nathan,East
303041068,Moorooka,East
303041069,Robertson,East
303051072,Algester,East
303051073,Calamvale - Stretton,East
303051074,Pallara - Willawong,East
303051075,Parkinson - Drewvale,East
303051076,Rocklea - Acacia Ridge,East
303061077,Kuraby,East
303061078,Runcorn,East
303061079,Sunnybank,East
303061080,Sunnybank Hills,East
305041133,Auchenflower,East
304011081,Jindalee - Mount Ommaney,East
304011082,Middle Park - Jamboree Heights,East
801051050,Ainslie,West
304011083,Riverhills,East
304011084,Seventeen Mile Rocks - Sinnamon Park,East
304011085,Westlake,East
304021088,Chapel Hill,East
304021086,Bellbowrie - Moggill,East
304021087,Brookfield - Kenmore Hills,East
304021089,Fig Tree Pocket,East
507011154,Hamilton Hill,West
304021090,Kenmore,East
304021091,Pinjarra Hills - Pullenvale,East
304031092,Chelmer - Graceville,East
304031093,Corinda,East
304031094,Indooroopilly,East
309061247,Highland Park,East
304031095,Sherwood,East
304031096,St Lucia,East
304031097,Taringa,East
309061248,Nerang - Mount Nathan,East
311061329,Daisy Hill,East
304041098,Enoggera,East
304041099,Enoggera Reservoir,East
304041100,Keperra,East
304041101,Mitchelton,East
309091265,Parkwood,East
304041102,Mount Coot-tha,East
304041103,The Gap,East
309101268,Bundall,East
304041104,Upper Kedron - Ferny Grove,East
306021152,Manunda,West
305011105,Brisbane City,East
305011106,Fortitude Valley,East
306021153,Mount Sheridan,West
305011107,Highgate Hill,East
305011110,South Brisbane,East
305011108,Kangaroo Point,East
305011111,Spring Hill,East
305011109,New Farm,East
305031119,Albion,East
305011112,West End,East
305021113,Balmoral,East
306021156,Whitfield - Edge Hill,West
305021114,Bulimba,East
306031163,Yarrabah,West
306041164,Daintree,West
306041165,Port Douglas,West
306051166,Atherton,West
306051167,Herberton,West
306051168,Kuranda,West
306051169,Malanda - Yungaburra,West
306051170,Mareeba,West
307011171,Balonne,West
307011172,Chinchilla,East
801051051,Braddon,West
305021115,East Brisbane,East
305031121,Ascot,East
307021181,Millmerran,East
307021182,Pittsworth,East
307021183,Wambo,East
307031184,Clifton - Greenmount,East
305021116,Hawthorne,East
307031185,Southern Downs - East,East
307031186,Southern Downs - West,East
310011274,Inala - Richlands,East
305021117,Morningside - Seven Hills,East
305031126,Kelvin Grove - Herston,East
310031291,Leichhardt - One Mile,East
305021118,Norman Park,East
310041298,Carole Park,East
310041299,Collingwood Park - Redbank,East
310041300,Goodna,East
305031120,Alderley,East
305031130,Windsor,East
305031122,Clayfield,East
305031123,Grange,East
305031124,Hamilton (Qld),East
305031125,Hendra,East
305031127,Newmarket,East
305031131,Wooloowin - Lutwyche,East
305041132,Ashgrove,East
305031128,Newstead - Bowen Hills,East
305031129,Wilston,East
305041134,Bardon,East
305041135,Paddington - Milton,East
305041136,Red Hill (Qld),East
306021144,Bentley Park,West
305041137,Toowong,East
306011138,Brinsmead,West
306011139,Clifton Beach - Kewarra Beach,West
306011140,Freshwater - Stratford,West
306011141,Redlynch,West
306011142,Trinity Beach - Smithfield,West
306011143,Yorkeys Knob - Machans Beach,West
306021145,Cairns City,West
308011192,Emerald,West
306021146,Earlville - Bayview Heights,West
306021149,Kanimbla - Mooroobool,West
306021150,Lamb Range,West
306021147,Edmonton,West
306021148,Gordonvale - Trinity,West
306021154,Westcourt - Bungalow,West
306021155,White Rock,West
306021157,Woree,West
306031158,Babinda,West
308031214,Park Avenue,West
308031215,Parkhurst - Kawana,West
306031159,Innisfail,West
306031160,Johnstone,West
306031161,Tully,West
306031162,Wooroonooran,West
307011173,Goondiwindi,West
307011174,Inglewood - Waggamba,East
307011175,Miles - Wandoan,West
307011176,Roma,West
307011177,Roma Surrounds,West
307011178,Tara,West
307021179,Crows Nest - Rosalie,East
307021180,Jondaryan,East
307031187,Stanthorpe,East
307031188,Stanthorpe Surrounds,East
309061250,Worongary - Tallai,East
307031189,Warwick,East
308011190,Central Highlands - East,West
308011191,Central Highlands - West,West
308031205,Berserker,West
308031206,Bouldercombe,West
308031207,Emu Park,West
309081259,Clear Island Waters,East
308031208,Frenchville - Mount Archer,West
308031209,Glenlee - Rockyview,West
308031210,Gracemere,West
308031211,Lakes Creek,West
308031212,Mount Morgan,West
309081260,Merrimac,East
308031213,Norman Gardens,West
801011014,Higgins,West
308031216,Rockhampton - West,West
308031217,Rockhampton City,West
308031218,Rockhampton Surrounds - East,West
308031219,Rockhampton Surrounds - North,West
308031220,Rockhampton Surrounds - West,West
308031221,Shoalwater Bay,West
308031222,The Range - Allenstown,West
308031223,Yeppoon,West
308041528,Banana,West
308041529,Biloela,West
308051530,Agnes Water - Miriam Vale,East
308051531,Boyne Island - Tannum Sands,East
308051532,Callemondah,East
308051533,Clinton - New Auckland,East
308051534,Gladstone,East
308051535,Gladstone Hinterland,East
308051536,Kin Kora - Sun Valley,East
308051537,South Trees,East
308051538,Telina - Toolooa,East
311031316,Hillcrest,East
308051539,West Gladstone,East
309011224,Broadbeach Waters,East
309011225,Burleigh Heads,East
309011226,Burleigh Waters,East
309011227,Mermaid Beach - Broadbeach,East
311021306,Beenleigh,East
309011228,Mermaid Waters,East
309021230,Coolangatta,East
309011229,Miami,East
309031236,Biggera Waters,East
309021231,Currumbin - Tugun,East
309021232,Currumbin Waters,East
309021233,Elanora,East
309031238,Labrador,East
309021234,Palm Beach,East
309031235,Arundel,East
309031237,Coombabah,East
309051245,Reedy Creek - Andrews,East
309031239,Paradise Point - Hollywell,East
309031240,Runaway Bay,East
309041241,Guanaba - Springbrook,East
309041242,Tamborine - Canungra,East
309061246,Carrara,East
309051243,Currumbin Valley - Tallebudgera,East
309051244,Mudgeeraba - Bonogin,East
309061249,Pacific Pines - Gaven,East
311061331,Logan Central,East
309071251,Coomera,East
309071252,Helensvale,East
309071253,Hope Island,East
309071254,Jacobs Well - Alberton,East
309071256,Oxenford - Maudsland,East
309071552,Ormeau (East) - Stapylton,East
309071553,Ormeau (West) - Yatala,East
309071554,Pimpama - North,East
309071555,Pimpama - South,East
309071556,Upper Coomera (South) - Wongawallan,East
309071557,Upper Coomera - North,East
309081262,Varsity Lakes,East
309071558,Willow Vale - Pimpama (West),East
309081559,Robina - East,East
309081560,Robina - West,East
309091263,Ashmore,East
309091264,Molendinar,East
309091540,Southport - North,East
309091541,Southport - South,East
309101267,Benowa,East
309101269,Main Beach,East
309101561,Surfers Paradise - North,East
309101562,Surfers Paradise - South,East
310011271,Darra - Sumner,East
310011272,Durack,East
310011275,Oxley (Qld),East
801011015,Holt,West
310011276,Wacol,East
310011563,Doolandella,East
801011020,Macquarie,West
310011564,Forest Lake - Ellen Grove,East
310021277,Boonah,East
310021278,Esk,East
310021279,Lake Manchester - England Creek,East
310021280,Lockyer Valley - East,East
310021281,Lowood,East
310021282,Rosewood,East
311021307,Eagleby,East
310031283,Brassall,East
310031284,Bundamba,East
310031285,Churchill - Yamanto,East
310031286,Ipswich - Central,East
310031287,Ipswich - East,East
310031288,Ipswich - North,East
310031289,Karalee - Barellan Point,East
310031290,Karana Downs,East
310031292,North Ipswich - Tivoli,East
311021308,Edens Landing - Holmview,East
310031293,Raceview,East
310031294,Ripley,East
310031295,Riverview,East
310041297,Camira - Gailes,East
310041301,New Chum,East
311021309,Mount Warren Park,East
310041302,Redbank Plains,East
310041303,Springfield,East
311061332,Rochedale South - Priestdale,East
310041304,Springfield Lakes,East
310041565,Augustine Heights - Brookwater,East
311031311,Boronia Heights - Park Ridge,East
310041566,Bellbird Park,East
311011305,Beaudesert,East
311021310,Wolffdene - Bahrs Scrub,East
311061335,Underwood,East
311031312,Browns Plains,East
311031315,Greenbank Military Camp,East
311031313,Chambers Flat - Logan Reserve,East
311031314,Crestmead,East
311031317,Marsden,East
311031318,Munruben - Park Ridge South,East
311061336,Woodridge,East
311031319,Regents Park - Heritage Park,East
311051323,Bethania - Waterford,East
312021347,Mackay Harbour,West
311041322,Logan Village,East
311041567,Flagstone (East) - Riverbend,East
311041568,Flagstone (West) - New Beith,East
311051327,Shailer Park,East
311041569,Greenbank - North Maclean,East
311041570,Jimboomba - Glenlogan,East
505031102,Girrawheen,West
311041571,Yarrabilba,East
317011457,Toowoomba - East,East
317011458,Toowoomba - West,East
311051324,Cornubia - Carbrook,East
311051325,Loganholme - Tanah Merah,East
311051328,Waterford West,East
311051326,Loganlea,East
311061330,Kingston (Qld),East
505031104,Marangaroo,West
311061333,Slacks Creek,East
311061334,Springwood,East
505031105,Mindarie - Quinns Rocks - Jindalee,West
312011337,Bowen,West
312011338,Broadsound - Nebo,West
312011339,Clermont,West
312011340,Collinsville,West
318021485,Mundingburra,West
318021486,Northern Beaches,West
312011341,Moranbah,West
312021342,Andergrove - Beaconsfield,West
312021348,Mount Pleasant - Glenella,West
312021343,East Mackay,West
312021349,North Mackay,West
312021344,Eimeo - Rural View,West
312021345,Eungella Hinterland,West
312021346,Mackay,West
312021350,Ooralea - Bakers Creek,West
312021351,Pioneer Valley,West
312021352,Sarina,West
312021353,Seaforth - Calen,West
312021356,South Mackay,West
312021357,Walkerston - Eton,West
312021358,West Mackay,West
312031359,Airlie - Whitsundays,West
312031360,Cape Conway,West
312031361,Proserpine,West
313011362,Beachmere - Sandstone Point,East
313011363,Bribie Island,East
312021354,Shoal Point - Bucasia,West
312021355,Slade Point,West
313021364,Burpengary - East,East
313021366,Caboolture - South,East
313021368,Morayfield - East,East
313021369,Wamuran,East
313021367,Elimbah,East
313021572,Caboolture - East,East
313051378,Margate - Woody Point,East
313021573,Caboolture - West,East
313031370,Kilcoy,East
313031371,Woodford - D'Aguilar,East
313051379,Redcliffe,East
313051380,Rothwell - Kippa-Ring,East
313051574,Moreton Island,East
313041372,Burpengary,East
313041373,Deception Bay,East
402041043,Parafield Gardens,West
313041374,Morayfield,East
313041375,Narangba,East
313041376,Upper Caboolture,East
313051377,Clontarf,East
319011500,Millbank - Avoca,East
313051575,Scarborough - Newport,East
316011415,Mountain Creek,East
314011382,Albany Creek,East
314011383,Cashmere,East
314011384,Dayboro,East
316011416,Sippy Downs,East
314011385,Eatons Hill,East
314011386,The Hills District,East
314011387,Samford Valley,East
316021417,Aroona - Currimundi,East
314021389,Murrumba Downs - Griffin,East
314021576,Dakabin,East
316051544,Peregian Springs,East
316061439,Beerwah,East
316061440,Caloundra Hinterland,East
316061441,Glass House Mountains,East
316061442,Landsborough,East
314021577,Kallangur,East
314021578,Mango Hill,East
316061443,Maroochy Hinterland,East
316061444,Palmwoods,East
316071545,Bli Bli,East
316071546,Diddillibah - Rosemount,East
316071547,Eumundi - Yandina,East
318021468,Annandale (Qld),West
314021579,North Lakes,East
316081549,Noosa Hinterland,East
318021469,Belgian Gardens - Pallarenda,West
318021470,Bohle Plains,West
318021487,Oonoonba,West
314031391,Bray Park,East
314031392,Lawnton,East
319011501,Svensson Heights - Norville,East
314031393,Petrie,East
314031394,Strathpine - Brendale,East
315011395,Aurukun,West
315011396,Cape York,West
315011397,Croydon - Etheridge,West
315011398,Kowanyama - Pormpuraaw,West
315011399,Northern Peninsula,West
315011400,Tablelands,West
315011401,Torres,West
315011402,Torres Strait Islands,West
315011403,Weipa,West
315021404,Carpentaria,West
315021405,Mount Isa,West
315021406,Mount Isa Surrounds,West
315021407,Northern Highlands,West
315031408,Barcaldine - Blackall,West
315031409,Charleville,West
315031410,Far Central West,West
315031411,Far South West,West
315031412,Longreach,West
317011447,Drayton - Harristown,East
316011413,Buderim - North,East
316011414,Buderim - South,East
318021472,Cranbrook,West
316021418,Buddina - Minyama,East
316021419,Caloundra - Kings Beach,East
317011453,Newtown (Qld),East
316021421,Golden Beach - Pelican Waters,East
316021422,Moffat Beach - Battery Hill,East
316021423,Parrearra - Warana,East
316021424,Wurtulla - Birtinya,East
316021580,Caloundra West - Baringa,East
316021581,Meridan Plains - Little Mountain (North),East
403021062,Morphettville,West
316031425,Coolum Beach,East
403041086,Reynella,West
316031426,Marcoola - Mudjimba,East
316031427,Maroochydore - Kuluin,East
316031428,Mooloolaba - Alexandra Headland,East
316051434,Noosa Heads,East
316051435,Noosaville,East
317011456,Toowoomba - Central,East
316051437,Sunshine Beach,East
701021014,Buffalo Creek,West
316051438,Tewantin,East
316051543,Peregian Beach - Marcus Beach,East
316071548,Nambour,East
317011445,Cambooya - Wyreema,East
317011446,Darling Heights,East
317011448,Gatton,East
317011449,Gowrie (Qld),East
317011450,Highfields,East
317011451,Lockyer Valley - West,East
317011452,Middle Ridge,East
317011454,North Toowoomba - Harlaxton,East
317011455,Rangeville,East
317011459,Wilsonton,East
318021475,Garbutt - West End,West
318011460,Ayr,West
318011461,Burdekin,West
318011462,Charters Towers,West
318011463,Dalrymple,West
318021476,Gulliver - Currajong - Vincent,West
318011464,Ingham,West
318011465,Ingham Surrounds,West
318011466,Palm Island,West
318021467,Aitkenvale,West
318021477,Heatley,West
318021471,Condon - Rasmussen,West
318021474,Douglas,West
318021481,Kirwan - East,West
318021478,Hermit Park - Rosslea,West
318021479,Hyde Park - Pimlico,West
318021482,Kirwan - West,West
318021483,Magnetic Island,West
318021484,Mount Louisa,West
318021480,Kelso,West
318021488,South Townsville - Railway Estate,West
318021489,Townsville - South,West
319011492,Ashfield - Kepnock,East
319011493,Bargara - Burnett Heads,East
318021490,Townsville City - North Ward,West
318021491,Wulguru - Roseneath,West
318021582,Burdell - Mount Low,West
318021583,Deeragun - Jensen,West
319011494,Branyan - Kensington,East
319011495,Bundaberg,East
319011496,Bundaberg East - Kalkie,East
319011497,Bundaberg North - Gooburrum,East
319011498,Bundaberg Surrounds - North,East
319011499,Bundaberg Surrounds - South,East
319011502,Walkervale - Avenell Heights,East
319021503,Gayndah - Mundubbera,East
319021504,Gin Gin,East
319041520,Torquay - Scarness - Kawungan,East
319021505,Kingaroy,East
319021506,Kingaroy Surrounds - North,East
319021507,Kingaroy Surrounds - South,East
319021508,Monto - Eidsvold,East
319021509,Nanango,East
701021019,Karama,West
319021510,North Burnett,East
319031511,Cooloola,East
319031512,Gympie - North,East
319031513,Gympie - South,East
319031514,Gympie Surrounds,East
319031515,Kilkivan,East
319041516,Booral - River Heads,East
319041517,Craignish - Dundowran Beach,East
319041518,Pialba - Eli Waters,East
406011135,Western,West
406011136,Whyalla,West
319041519,Point Vernon,East
319041521,Urangan - Wondunna,East
319051522,Burrum - Fraser,East
406011137,Whyalla - North,West
503021296,Perth (North) - Highgate,West
319051523,Granville,East
319051524,Maryborough (Qld),East
319051525,Maryborough Surrounds - South,East
401041016,Rostrevor - Magill,West
319051526,Tinana,East
401021007,Mount Barker,West
401021008,Mount Barker Surrounds,West
406021139,Coober Pedy,West
406021140,Quorn - Lake Gilles,West
406021141,Outback,West
406021142,Port Augusta,West
401011001,Adelaide,West
406021143,Roxby Downs,West
701021020,Leanyer,West
401011002,North Adelaide,West
401021003,Adelaide Hills,West
401021004,Aldgate - Stirling,West
401021005,Hahndorf - Echunga,West
401021006,Lobethal - Woodside,West
401021009,Nairne,West
401021010,Uraidla - Summertown,West
401031011,Burnside - Wattle Park,West
401041014,Athelstone,West
401031012,Beaumont - Glen Osmond,West
401031013,Toorak Gardens,West
401041015,Paradise - Newton,West
401051017,Norwood (SA),West
401051018,Payneham - Felixstow,West
401061020,Nailsworth - Broadview,West
401061021,Prospect,West
701021021,Lyons (NT),West
401051019,St Peters - Marden,West
701021024,Moil,West
401061022,Walkerville,West
701041036,Bakewell,West
401071023,Goodwood - Millswood,West
401071024,Unley - Parkside,West
402011025,Gawler - North,West
402011026,Gawler - South,West
402011027,Lewiston - Two Wells,West
504031056,Ballajura,West
402021028,Craigmore - Blakeview,West
402021029,Davoren Park,West
402021031,Elizabeth East,West
402021030,Elizabeth,West
402021032,Munno Para West - Angle Vale,West
402021033,One Tree Hill,West
402021034,Smithfield - Elizabeth North,West
402021035,Virginia - Waterloo Corner,West
402031036,Enfield - Blair Athol,West
402031038,Windsor Gardens,West
402031175,Northgate - Northfield,West
402041039,Dry Creek - North,West
504031063,Malaga,West
402041040,Ingle Farm,West
402041041,Para Hills,West
402041042,Parafield,West
402041044,Paralowie,West
402041046,Salisbury,West
402041047,Salisbury East,West
402041048,Salisbury North,West
402041171,Mawson Lakes - Globe Derby Park,West
402041172,Pooraka - Cavan,West
402051049,Golden Grove,West
402051050,Greenwith,West
402051051,Highbury - Dernancourt,West
403041076,Coromandel Valley,West
402051052,Hope Valley - Modbury,West
403041079,Hackham West - Huntfield Heights,West
402051053,Modbury Heights,West
402051054,Redwood Park,West
402051055,St Agnes - Ridgehaven,West
403011056,Brighton (SA),West
403011057,Glenelg (SA),West
403021058,Edwardstown,West
403021059,Hallett Cove,West
403021060,Marino - Seaview Downs,West
403021061,Mitchell Park,West
504031064,Melaleuca - Lexia,West
403021063,Sheidow Park - Trott Park,West
403021064,Warradale,West
403031065,Belair,West
701041037,Driver,West
403031066,Bellevue Heights,West
403031067,Blackwood,West
403031068,Colonel Light Gardens,West
403031069,Mitcham (SA),West
403031070,Panorama,West
404011097,Woodville - Cheltenham,West
403041071,Aberfoyle Park,West
403041088,Willunga,West
403041072,Aldinga,West
403041073,Christie Downs,West
403041080,Happy Valley,West
403041074,Christies Beach,West
403041075,Clarendon,West
403041081,Happy Valley Reservoir,West
403041077,Flagstaff Hill,West
403041078,Hackham - Onkaparinga Hills,West
403041082,Lonsdale,West
403041083,McLaren Vale,West
403041084,Morphett Vale - East,West
403041085,Morphett Vale - West,West
403041177,Seaford - Seaford Meadows,West
403041178,Seaford Rise - Moana,West
404011090,Beverley,West
701041043,Rosebery - Bellamack,West
404011091,Flinders Park,West
404011092,Henley Beach,West
407021152,Millicent,West
404011093,Hindmarsh - Brompton,West
404011094,Royal Park - Hendon - Albert Park,West
407021154,Naracoorte,West
404011095,Seaton - Grange,West
404011096,West Lakes,West
701041044,Woodroffe,West
404021098,Dry Creek - South,West
404021102,The Parks,West
404021103,Torrens Island,West
404021099,Largs Bay - Semaphore,West
404031104,Adelaide Airport,West
404021100,North Haven,West
404021101,Port Adelaide,West
404031105,Fulham,West
404031107,Plympton,West
702011045,Charles,West
404031106,Lockleys,West
405011114,Nuriootpa,West
404031108,Richmond (SA),West
404031109,West Beach,West
405011110,Barossa - Angaston,West
405011111,Light,West
405011112,Lyndoch,West
405011113,Mallala,West
405011115,Tanunda,West
405021116,Clare,West
405021117,Gilbert Valley,West
405021118,Goyder,West
405021119,Wakefield - Barunga West,West
405031120,Jamestown,West
405031121,Peterborough - Mount Remarkable,West
405031122,Port Pirie,West
405031123,Port Pirie Surrounds,West
405041126,Wallaroo,West
405041127,Yorke Peninsula - North,West
405041128,Yorke Peninsula - South,West
406011129,Ceduna,West
406011130,Eyre Peninsula,West
406011131,Kimba - Cleve - Franklin Harbour,West
406021138,APY Lands,West
407011144,Goolwa - Port Elliot,West
407011145,Kangaroo Island,West
407011146,Strathalbyn,West
407011147,Strathalbyn Surrounds,West
505011083,Woodvale,West
407011148,Victor Harbor,West
407011149,Yankalilla,West
407021150,Grant,West
407021151,Kingston - Robe,West
407021155,Naracoorte Surrounds,West
702011046,East Side,West
407021156,Penola,West
407021157,Tatiara,West
407021158,Wattle Range,West
407021173,Mount Gambier - East,West
702011054,Yuendumu - Anmatjere,West
407021174,Mount Gambier - West,West
407031159,Barmera,West
407031160,Berri,West
407031161,Karoonda - Lameroo,West
407031162,Loxton,West
407031163,Loxton Surrounds,West
407031164,Mannum,West
407031165,Murray Bridge,West
407031166,Murray Bridge Surrounds,West
407031167,Renmark,West
407031168,Renmark Surrounds,West
407031169,The Coorong,West
407031170,Waikerie,West
501011001,Augusta,West
501011003,Busselton Surrounds,West
501011004,Margaret River,West
501011293,Busselton - East,West
501011294,Busselton - West,West
501021005,Australind - Leschenault,West
501021007,Capel,West
501021008,College Grove - Carey Park,West
501021009,Collie,West
501021010,Dardanup,West
501021251,Dalyellup,West
501021011,Davenport,West
501021012,Eaton - Pelican Point,West
501021014,Harvey,West
501021015,East Bunbury - Glen Iris,West
501021016,Waroona,West
501021252,Gelorup - Stratham,West
501021253,South Bunbury - Bunbury,West
501021254,Withers - Usher,West
501031017,Bridgetown - Boyup Brook,West
501031018,Donnybrook - Balingup,West
501031019,Manjimup,West
501031020,Pemberton,West
502011021,Dawesville - Bouvard,West
502011022,Falcon - Wannanup,West
801011001,Aranda,West
502011023,Greenfields,West
502011024,Halls Head - Erskine,West
503011032,Cottesloe,West
502011025,Mandurah,West
502011026,Mandurah - East,West
502011027,Mandurah - North,West
502011028,Mandurah - South,West
502011029,Pinjarra,West
503011030,City Beach,West
503021038,Mount Hawthorn - Leederville,West
503011031,Claremont (WA),West
503021295,East Perth,West
503011033,Floreat,West
503021037,Kings Park (WA),West
503011034,Mosman Park - Peppermint Grove,West
503011035,Nedlands - Dalkeith - Crawley,West
503011036,Swanbourne - Mount Claremont,West
503021039,Mount Lawley - Inglewood,West
503021040,North Perth,West
503021042,Subiaco - Shenton Park,West
503021043,Wembley - West Leederville - Glendalough,West
503021297,Perth (West) - Northbridge,West
504011044,Bassendean - Eden Hill - Ashfield,West
504011045,Bayswater - Embleton - Bedford,West
504011046,Maylands,West
504011047,Morley,West
504011048,Noranda,West
504021049,Chidlow,West
504021050,Glen Forrest - Darlington,West
504021051,Helena Valley - Koongamia,West
504021052,Malmalling - Reservoir,West
504021053,Mundaring,West
504021054,Swan View - Greenmount - Midvale,West
504031055,Avon Valley National Park,West
504031057,Beechboro,West
504031067,Stratton - Jane Brook,West
504031058,Bullsbrook,West
801011024,Scullin,West
504031060,Gidgegannup,West
504031061,Hazelmere - Guildford,West
801011026,Weetangera,West
801011111,Molonglo Corridor,West
504031062,Lockridge - Kiara,West
801011142,Macnamara,West
504031065,Middle Swan - Herne Hill,West
504031066,Midland - Guildford,West
504031300,Ellenbrook,West
504031068,The Vines,West
504031069,Walyunga National Park,West
504031298,Aveley,West
504031299,Brabham - Henley Brook,West
505011070,Craigie - Beldon,West
505011071,Currambine - Kinross,West
505031258,Yanchep,West
505011072,Duncraig,West
505011073,Greenwood - Warwick,West
506011117,Seville Grove,West
505011074,Heathridge - Connolly,West
505011075,Hillarys,West
505011076,Iluka - Burns Beach,West
505011077,Joondalup - Edgewater,West
505011078,Kingsley,West
506011307,Harrisdale,West
505011079,Mullaloo - Kallaroo,West
505011082,Sorrento - Marmion,West
505011080,Ocean Reef,West
505011081,Padbury,West
505021084,Balcatta - Hamersley,West
505021085,Balga - Mirrabooka,West
505021087,Herdsman,West
505021088,Innaloo - Doubleview,West
801011143,Strathnairn,West
505021089,Karrinyup - Gwelup - Carine,West
505021090,Nollamara - Westminster,West
801011144,West Belconnen,West
505021091,Osborne Park Industrial,West
505021092,Scarborough,West
801031031,Hume,West
801031032,Kowen,West
505021093,Stirling - Osborne Park,West
505021097,Yokine - Coolbinia - Menora,West
505021094,Trigg - North Beach - Watermans Bay,West
505021095,Tuart Hill - Joondanna,West
505021096,Wembley Downs - Churchlands - Woodlands,West
505021301,Dianella - North,West
505021302,Dianella - South,West
505031098,Alexander Heights - Koondoola,West
505031099,Butler - Merriwa - Ridgewood,West
505031100,Carramar,West
505031101,Clarkson,West
801091103,Hughes,West
505031106,Neerabup National Park,West
506031131,Willetton,West
505031107,Tapping - Ashby - Sinagra,West
505031255,Alkimos - Eglinton,West
505031256,Carabooda - Pinjar,West
801031114,Canberra Airport,West
801031115,Majura,West
505031257,Two Rocks,West
505031303,Hocking - Pearsall,West
505031304,Landsdale,West
505031305,Madeley - Darch,West
505031306,Wanneroo - Sinagra,West
506011308,Piara Waters - Forrestdale,West
506021118,Belmont - Ascot - Redcliffe,West
506011110,Armadale - Wungong - Brookdale,West
506021119,East Victoria Park - Carlisle,West
506011111,Ashendon - Lesley,West
506011112,Camillo - Champion Lakes,West
506011114,Kelmscott,West
506021120,Kewdale Commercial,West
506011115,Mount Nasura - Mount Richon - Bedfordale,West
506031126,Canning Vale Commercial,West
506011116,Roleystone,West
506021121,Perth Airport,West
506021123,Victoria Park - Lathlain - Burswood,West
506021309,Cloverdale,West
506021310,Kewdale,West
506021311,Rivervale,West
506031124,Bentley - Wilson - St James,West
506031125,Canning Vale - West,West
506031127,Cannington - Queens Park,West
506031128,Parkwood - Ferndale - Lynwood,West
506031129,Riverton - Shelley - Rossmoyne,West
506031130,Welshpool,West
506041132,Beckenham - Kenwick - Langford,West
801041034,Amaroo,West
506041133,Canning Vale - East,West
506041134,Gosnells,West
506041135,Huntingdale - Southern River,West
506041136,Maddington - Orange Grove - Martin,West
506041137,Thornlie,West
506051138,Forrestfield - Wattle Grove,West
506051139,High Wycombe,West
506051140,Kalamunda - Maida Vale - Gooseberry Hill,West
506051141,Lesmurdie - Bickley - Carmel,West
506061142,Byford,West
506061143,Mundijong,West
506061144,Serpentine - Jarrahdale,West
507011151,Bibra Lake,West
506071145,Como,West
507011153,Coolbellup,West
506071146,Manning - Waterford,West
506071147,South Perth - Kensington,West
801091110,Torrens,West
507011148,Banjup,West
507011150,Bibra Industrial,West
507011152,Coogee,West
507011155,Henderson,West
507011158,North Coogee,West
507011159,South Lake - Cockburn Central,West
507011160,Spearwood,West
507011161,Success - Hammond Park,West
507011163,Yangebup,West
507011259,Beeliar - Wattleup,West
507011260,Jandakot,West
507021164,East Fremantle,West
507021165,Fremantle,West
507021166,Fremantle - South,West
507021167,O'Connor (WA),West
507041180,Leeming,West
507031169,Wellard (West) - Bertram,West
507031170,Calista,West
507031172,Hope Valley - Postans,West
507041181,Melville,West
507031173,Kwinana Industrial,West
507031174,Parmelia - Orelia,West
507041184,Winthrop,West
507031261,Casuarina - Wandi,West
507051186,Cooloongup,West
507041175,Applecross - Ardross,West
507041176,Bateman,West
507041177,Bicton - Palmyra,West
507051313,Baldivis - South,West
507041178,Booragoon,West
507041179,Bull Creek,West
507041182,Murdoch - Kardinya,West
507041183,Willagee,West
507051187,Port Kennedy,West
507051188,Rockingham,West
511031284,Trafalgar (WA),West
511041285,Geraldton,West
511041286,Geraldton - East,West
511041287,Geraldton - North,West
507051189,Rockingham Lakes,West
507051314,Karnup,West
509011225,Albany,West
509011226,Albany Surrounds,West
509011227,Bayonet Head - Lower King,West
509011228,Denmark,West
509011229,Gnowangerup,West
509011230,Katanning,West
507051190,Safety Bay - Shoalwater,West
507051191,Singleton - Golden Bay - Secret Harbour,West
509011231,Kojonup,West
509011232,Little Grove - Elleker,West
511041288,Geraldton - South,West
511041289,Irwin,West
511041290,Meekatharra,West
511041291,Morawa,West
511041292,Northampton - Mullewa - Greenough,West
601011001,Bridgewater - Gagebrook,West
601011002,Brighton - Pontville,West
601011003,Old Beach - Otago,West
601021004,Bellerive - Rosny,West
601021005,Cambridge,West
601021006,Geilston Bay - Risdon,West
601021007,Howrah - Tranmere,West
601021008,Lindisfarne - Rose Bay,West
507051192,Waikiki,West
507051193,Warnbro,West
507051312,Baldivis - North,West
510021268,Newman,West
510021269,Port Hedland,West
509011233,McKail - Willyung,West
509011234,Plantagenet,West
510021270,South Hedland,West
510031271,Ashburton (WA),West
509011235,Stirling Range National Park,West
509021244,Toodyay,West
509021245,York - Beverley,West
509031246,Brookton,West
509031247,Kulin,West
509021236,Chittering,West
509021237,Cunderdin,West
509021238,Dowerin,West
509021239,Gingin - Dandaragan,West
509021240,Merredin,West
509021241,Moora,West
509021242,Mukinbudin,West
509031248,Murray,West
511021277,Exmouth,West
509021243,Northam,West
509031249,Narrogin,West
509031250,Wagin,West
510011262,Broome,West
510011263,Derby - West Kimberley,West
510011264,Halls Creek,West
510011265,Kununurra,West
510011266,Roebuck,West
510021267,East Pilbara,West
510031272,Karratha,West
510031273,Roebourne,West
511011274,Esperance,West
511011275,Esperance Surrounds,West
511031280,Kalgoorlie - North,West
511021276,Carnarvon,West
511031278,Boulder,West
511031279,Kalgoorlie,West
601021009,Mornington - Warrane,West
601031021,West Moonah,West
601041022,Kingston - Huntingfield,West
601041023,Kingston Beach - Blackmans Bay,West
601041024,Margate - Snug,West
601041025,Mount Wellington,West
601041026,Taroona - Bonnet Hill,West
601051027,Hobart,West
601051028,Lenah Valley - Mount Stuart,West
601051029,Mount Nelson - Dynnyrne,West
601051030,New Town,West
601021010,Risdon Vale,West
601021011,Rokeby,West
601021012,South Arm,West
601031013,Austins Ferry - Granton,West
601031014,Berriedale - Chigwell,West
601031015,Claremont (Tas.),West
601031016,Derwent Park - Lutana,West
601031017,Glenorchy,West
601031018,Montrose - Rosetta,West
601031019,Moonah,West
601031020,New Norfolk,West
601051031,Sandy Bay,West
601051032,South Hobart - Fern Tree,West
601051033,West Hobart,West
601061034,Dodges Ferry - Lewisham,West
601061035,Sorell - Richmond,West
602011036,Invermay,West
602011037,Kings Meadows - Punchbowl,West
602011038,Launceston,West
602011039,Legana,West
602011047,South Launceston,West
602011040,Mowbray,West
602011041,Newnham - Mayfield,West
602031099,Flinders and Cape Barren Islands,West
602031100,Scottsdale - Bridport,West
603011065,Central Highlands,West
603011066,Derwent Valley,West
603011067,Southern Midlands,West
602011042,Newstead,West
603011068,Wilderness - East,West
603021069,Bruny Island - Kettering,West
603021070,Cygnet,West
603021071,Geeveston - Dover,West
603021072,Huonville - Franklin,West
603031073,Forestier - Tasman,West
603031074,Triabunna - Bicheno,West
602011043,Norwood (Tas.),West
604011075,Acton - Upper Burnie,West
604011076,Burnie - Ulverstone Surrounds,West
604011077,Burnie - Wivenhoe,West
604011078,Parklands - Camdale,West
604011079,Penguin - Sulphur Creek,West
604011080,Romaine - Havenview,West
604011081,Somerset,West
604011082,Ulverstone,West
604011083,West Ulverstone,West
604011084,Wynyard,West
604021085,Devonport,West
604021086,East Devonport,West
604021087,Latrobe,West
604021088,Miandetta - Don,West
604021089,Port Sorell,West
604021090,Quoiba - Spreyton,West
604021091,Sheffield - Railton,West
604021092,Turners Beach - Forth,West
604031093,King Island,West
604031094,North West,West
604031095,Smithton,West
604031096,Waratah,West
604031097,West Coast (Tas.),West
604031098,Wilderness - West,West
602011044,Prospect Vale - Blackstone,West
701011001,Darwin Airport,West
602011045,Ravenswood,West
602011046,Riverside,West
602011048,Summerhill - Prospect,West
602011049,Trevallyn,West
602011050,Waverley - St Leonards,West
701011002,Darwin City,West
602011051,West Launceston,West
602011052,Youngtown - Relbia,West
602021053,Beauty Point - Beaconsfield,West
602021054,Deloraine,West
602021055,Grindelwald - Lanena,West
602021056,Hadspen - Carrick,West
602021057,Westbury,West
602031058,Dilston - Lilydale,West
602031059,George Town,West
602031060,Longford,West
602031061,Northern Midlands,West
602031062,Perth - Evandale,West
602031064,St Helens - Scamander,West
701011004,Fannie Bay - The Gardens,West
701011005,Larrakeyah,West
701011006,Ludmilla - The Narrows,West
701011007,Parap,West
701011008,Stuart Park,West
701011009,Woolner - Bayview - Winnellie,West
701021010,Alawa,West
701021011,Anula,West
701021012,Berrimah,West
701021015,Charles Darwin,West
701021016,Coconut Grove,West
801051125,Duntroon,West
801051126,Parkes (ACT) - North,West
701021017,East Arm,West
701021018,Jingili,West
801051127,Reid,West
701021022,Malak - Marrara,West
701021023,Millner,West
701021025,Nightcliff,West
801051128,Russell,West
701021026,Rapid Creek,West
701021027,Tiwi,West
701021028,Wagaman,West
701021029,Wanguri,West
701021030,Wulagi,West
701031031,Howard Springs,West
701031032,Humpty Doo,West
701031033,Koolpinyah,West
701031034,Virginia,West
701031035,Weddell,West
701041038,Durack - Marlow Lagoon,West
701041039,Gray,West
701041040,Moulden,West
801041036,Casey,West
701041041,Palmerston - North,West
701041042,Palmerston - South,West
702011047,Flynn (NT),West
702011048,Larapinta,West
702011049,Mount Johns,West
702011050,Petermann - Simpson,West
702011051,Ross,West
702011052,Sandover - Plenty,West
801041037,Crace,West
702011053,Tanami,West
702021055,Barkly,West
702021056,Tennant Creek,West
702031057,Alligator,West
702031058,Daly,West
702031059,Thamarrurr,West
702031060,Tiwi Islands,West
702031061,West Arnhem,West
702041062,Anindilyakwa,West
702041063,East Arnhem,West
702041064,Nhulunbuy,West
702051065,Elsey,West
702051066,Gulf,West
702051067,Katherine,West
702051068,Victoria River,West
801011002,Belconnen,West
801011003,Bruce,West
801011004,Charnwood,West
801011005,Cook,West
801011006,Dunlop,West
801011008,Florey,West
801011007,Evatt,West
801011013,Hawker,West
801011009,Flynn (ACT),West
801011010,Fraser,West
801011011,Giralang,West
801011012,Gooromon,West
801011016,Kaleen,West
801011017,Latham,West
801011018,Lawson,West
801011019,Macgregor (ACT),West
801011021,McKellar,West
801041035,Bonner,West
801011022,Melba,West
801011023,Page,West
801011025,Spence,West
801031113,Canberra East,West
801041038,Forde,West
801041039,Franklin,West
801071079,Gowrie (ACT),West
801041040,Gungahlin,West
801041043,Hall,West
801041047,Nicholls,West
801041044,Harrison,West
801041045,Mitchell,West
801041046,Ngunnawal,West
801041048,Palmerston,West
801041116,Gungahlin - East,West
801041117,Gungahlin - West,West
801041118,Jacka,West
801041120,Moncrieff,West
801041119,Kenny,West
801041121,Taylor,West
801051053,Civic,West
801051054,Dickson,West
801051055,Downer,West
801081094,Holder,West
801051056,Hackett,West
801051057,Lyneham,West
801051058,O'Connor (ACT),West
801051060,Turner,West
801051061,Watson,West
801051123,Black Mountain,West
801051124,Campbell,West
801061062,Deakin,West
801061063,Forrest,West
801061064,Griffith (ACT),West
801061066,Lake Burley Griffin,West
801061129,Barton,West
801061067,Narrabundah,West
801061068,Parkes (ACT) - South,West
801061069,Red Hill (ACT),West
801061070,Yarralumla,West
801071073,Calwell,West
801061130,Fyshwick,West
801061131,Kingston (ACT),West
801071071,Banks,West
801071072,Bonython,West
801071074,Chisholm,West
801071075,Conder,West
801071076,Fadden,West
801071077,Gilmore,West
801071078,Gordon (ACT),West
801081095,Rivett,West
801071080,Greenway,West
801081096,Stirling,West
801071081,Isabella Plains,West
801071082,Kambah,West
801071083,Macarthur,West
801081097,Waramanga,West
801071084,Monash,West
801071085,Mount Taylor,West
801071086,Oxley (ACT),West
801071087,Richardson,West
801071088,Theodore,West
801071089,Tuggeranong,West
801071090,Wanniassa,West
801081098,Weston,West
801071132,Tuggeranong - West,West
801081133,Scrivener,West
801091099,Chifley,West
801081091,Chapman,West
801081092,Duffy,West
801081093,Fisher,West
801091100,Curtin,West
801091101,Farrer,West
801091102,Garran,West
801091104,Isaacs,West
801091105,Lyons (ACT),West
801091106,Mawson,West
801091107,O'Malley,West
801091108,Pearce,West
801091109,Phillip,West
801101134,Arboretum,West
801101135,Coombs,West
801101136,Denman Prospect,West
801101137,Molonglo,West
801101139,Wright,West
801101145,Molonglo - East,West
801101146,Whitlam,West
801111140,ACT - South West,West
801111141,Namadgi,West
901011001,Christmas Island,West
901021002,Cocos (Keeling) Islands,West
901031003,Jervis Bay,West
901041004,Norfolk Island,East
